{"Test Statics: ": 0.5454141937063737, "p-value: ": 0.9861899815311063, "Lags Used ": 13, "Number of Observations Used": 352, "Critical Value": {"1%": -3.4490648539347544, "5%": -2.8697861692116478, "10%": -2.5711631253228306}}